search_value,author_username,username,follower_count,following_count,like_count,author_details_info.followingCount,author_details_info.followerCount,author_details_info.heartCount,author_details_info.videoCount,author_details_info.diggCount,author_details_info.heart,video_url,video_caption,video_details_info.diggCount,video_details_info.shareCount,video_details_info.commentCount,video_details_info.playCount,video_details_info.collectCount
beautiful destinations,I am Brazil supporter,i.am.brazil.suppo5,15900,33,487800,33,15900,487800,80,50700,487800,https://www.tiktok.com/@i.am.brazil.suppo5/video/7398782356896681234,à¦¸à§à¦¬à¦ªà§à¦¨à§‡à¦° à¦¦à§‡à¦¶ greece ğŸ‡¬ğŸ‡·ğŸ‡¬ğŸ‡·ğŸ‘‰ğŸ‡¯ğŸ‡µğŸ‡¯ğŸ‡µğŸ‘ˆâœˆï¸,3768,70,64,40000,251
beautiful destinations,à½Œâ—¤â™›â—¥à½‘Ovià½Œâ—¤â™›â—¥à½‘,alxovi3,315,31,2402,31,315,2402,23,15800,2402,https://www.tiktok.com/@alxovi3/video/7378816830556720401,Beautiful SwitzerlandğŸ‡¨ğŸ‡­ #foryou #foryoupage #trendingvideo #edit #trending #fy #fyp #switzerland #naturalbeauty #beautyofswitzerland #visitswitzerland #swiss #iloveswitzerland #switzerlandğŸ‡¨ğŸ‡­ #switzerlandnature #switzerlandtravel ,2149,291,0,40800,173
beautiful destinations,Travelizo ğŸ‡§ğŸ‡©,travelizo.abss,20,4,329,4,20,329,42,22,329,https://www.tiktok.com/@travelizo.abss/video/7402992036669885714,à¦œà¦¾à§Ÿà¦—à¦¾à¦Ÿà¦¾ à¦¸à§à¦¨à§à¦¦à¦° à¦¨à¦¾?! ğŸ¥° #switzerland #beautiful #destination #travelizo ,94,37,2,4368,9
beautiful destinations,ROMAN CHAUDHURY,romanchaudhury88,465,127,12500,127,465,12500,155,717,12500,https://www.tiktok.com/@romanchaudhury88/video/7300997232055094529,most Beautiful country Switzerland ğŸŒ¿ Inshallah one dayğŸ˜«,1068,312,18,35600,101
beautiful destinations,ZağŸna,eccendentesiast_._,135,21,2132,21,135,2132,32,420,2132,https://www.tiktok.com/@eccendentesiast_._/video/7340736048806350087,Kashmir in Winter â„ï¸ğŸŒ¨ï¸ Snowfall made the trip more beautiful though couldn't visit some places because of it â˜ƒï¸                                                                                                                                                                         #kashmir #winterwonderland #travel #jammukashmir #snowfall #explore #travelkashmir #travelling #heavenonearth #kashmirinwinters #gulmarg #sonmarg #betabvalley #fyp,631,167,17,35600,95
beautiful destinations,MehRaf Binte Meher,mjmehraf,4569,397,13200,397,4569,13200,226,9325,13200,https://www.tiktok.com/@mjmehraf/video/7418504065895648519,à¦¨à¦¾à¦°à§€ à¦•à¦¿ à¦ªà§à¦°à¦•à§ƒà¦¤à¦¿à¦° à¦°à§‚à¦ªà§‡à¦° à¦šà§‡à§Ÿà§‡ à¦“ à¦¬à§‡à¦¶à¦¿ à¦°à§à¦ªà¦¶à§€? #à¦ªà§à¦°à¦•à§ƒà¦¤à¦¿ #Viral #beautifuldestinations #plzviralğŸ¥ºğŸ¥ºğŸ™ğŸ™foryoupage #plzunfrezemyaccount #fypã‚· #mjmehraf #Trend #photography @TikTok Bangladesh ,82,3,10,420,7
beautiful destinations,dream saudi Arabia  ğŸ‡¸ğŸ‡¦ğŸ‡®ğŸ‡¹,khairulbhuiyan02,104800,56,3300000,56,104800,3300000,865,14300,3300000,https://www.tiktok.com/@khairulbhuiyan02/video/7387224329596980487,"Portugal, MadeiraSee Madeira from a droneâ€™s perspective! Discover the islandâ€™s stunning landscapes f...Â ğŸ‡µğŸ‡¹ğŸ‡µğŸ‡¹ğŸ‡µğŸ‡¹ğŸ‡µğŸ‡¹ğŸ‡µğŸ‡¹ğŸ‡µğŸ‡¹ğŸ‡µğŸ‡¹ğŸ‡¦ğŸ‡¹ğŸ‡ªğŸ‡ºğŸ‡ªğŸ‡ºğŸ‡ªğŸ‡ºğŸ‡ªğŸ‡ºğŸ‡ªğŸ‡ºğŸ‡ªğŸ‡ºğŸ‡¨ğŸ‡­ğŸ‡¨ğŸ‡­ğŸ‡¨ğŸ‡­ğŸ‡®ğŸ‡¹ğŸ‡®ğŸ‡¹#vairal #swtzerlandğŸ‡¨ğŸ‡­ #inshallah #à¦‡à¦¤à¦¾à¦²à¦¿ğŸ‡§ğŸ‡©âœ”ğŸ‡®ğŸ‡¹ #biman_loverâœˆï¸âœˆï¸ #franceğŸ‡«ğŸ‡· #grcceğŸ‡¬ğŸ‡· #portogalğŸ‡µğŸ‡¹ #foryou #foryoupage ",34700,301,249,322500,1758
beautiful destinations,Ashraful Arefin,monsieur_arefin,70400,187,1200000,187,70400,1200000,237,2474,1200000,https://www.tiktok.com/@monsieur_arefin/video/7061436382807461147,One of the most beautiful roads I have been to #fyp #travel #foryou #roadtrip,12200,3602,108,296400,909
beautiful destinations,Shamim Mahmud,shamimmahmud38,2024,30,32800,30,2024,32800,64,331,32800,https://www.tiktok.com/@shamimmahmud38/video/7391148494968474896,à¦…à¦ªà¦°à§à¦ª à¦¸à§à¦¨à§à¦§à¦° à¦à¦¬à¦‚ à¦®à¦¨à§‹à¦®à§à¦—à§à¦§à¦•à¦° à¦à¦•à¦Ÿà¦¿ à¦°à¦¿à¦¸à§‹à¦°à§à¦Ÿ.... à¦œà¦‚à¦—à¦² à¦¬à¦¾à§œà¦¿ à¦®à§à¦¯à¦¾à¦¨à¦—à§à¦°à§‹à¦­ à¦°à¦¿à¦¸à§‹à¦°à§à¦Ÿ  #sundhorbon #Resort #highlight #foryou ,21200,2092,273,586300,2740
beautiful destinations,MD shajib Bhuiyan,mdshajibbhuiyan302,33000,21,769400,21,33000,769400,343,1900,769400,https://www.tiktok.com/@mdshajibbhuiyan302/video/7331312882061298962,"à§©à§¦à§¦ à¦«à§à¦Ÿ à¦à¦° à¦‰à¦ªà¦° à¦¦à¦¿à¦¯à¦¼à§‡ à¦à¦¯à¦¼à¦¾à¦°à¦ªà§‹à¦°à§à¦Ÿ à¦¯à¦¾à¦šà§à¦›à¦¿,#foryou #beautifuldestinations #foryourpageâ¤ï¸â¤ï¸â¤ï¸ğŸ›¬âœˆï¸ğŸ›«ğŸ‡§ğŸ‡©ğŸ‡±ğŸ‡· ",69,1,3,453,6
beautiful destinations,Tanveer Abid,tanveer.abid,458,221,6710,221,458,6710,142,10300,6710,https://www.tiktok.com/@tanveer.abid/video/7418896931646131463,The weekend therapy  #coxsbazar #beautifuldestinations ,45,3,2,470,1
beautiful destinations,MD shajib Bhuiyan,mdshajibbhuiyan302,33000,21,769400,21,33000,769400,343,1900,769400,https://www.tiktok.com/@mdshajibbhuiyan302/video/7335496595863047431,I keep a good friend in my house #foryou #beautifuldestinations #foryourpageâ¤ï¸â¤ï¸â¤ï¸ğŸ›¬âœˆï¸ğŸ›«ğŸ‡§ğŸ‡© #foryourpageâ¤ï¸â¤ï¸â¤ï¸ğŸ›¬âœˆï¸ğŸ›«ğŸ‡§ğŸ‡©ğŸ‡¦ğŸ‡ª ğŸ‡¦ğŸ‡ª,107,2,3,707,13
beautiful destinations,MD shajib Bhuiyan,mdshajibbhuiyan302,33000,21,769400,21,33000,769400,343,1900,769400,https://www.tiktok.com/@mdshajibbhuiyan302/video/7333258063673052424,#foryou #beautifuldestinations #foryourpageâ¤ï¸â¤ï¸â¤ï¸ğŸ›¬âœˆï¸ğŸ›«ğŸ‡§ğŸ‡© #foryourpageâ¤ï¸â¤ï¸â¤ï¸ğŸ›¬âœˆï¸ğŸ›«ğŸ‡§ğŸ‡©ğŸ‡±ğŸ‡· ,110,3,8,525,15
beautiful destinations,MD shajib Bhuiyan,mdshajibbhuiyan302,33000,21,769400,21,33000,769400,343,1900,769400,https://www.tiktok.com/@mdshajibbhuiyan302/video/7337618506680175879,ğŸ›¬ğŸ›«ğŸ‡§ğŸ‡©ğŸ‡¦ğŸ‡ª#foryou #foryourpageâ¤ï¸â¤ï¸â¤ï¸ğŸ›¬âœˆï¸ğŸ›«ğŸ‡§ğŸ‡©ğŸ‡¦ğŸ‡ª #beautifuldestinations #foryourpageâ¤ï¸â¤ï¸â¤ï¸ğŸ›¬âœˆï¸ğŸ›«ğŸ‡§ğŸ‡© ,133,0,3,629,18
beautiful destinations,MD shajib Bhuiyan,mdshajibbhuiyan302,33000,21,769400,21,33000,769400,343,1900,769400,https://www.tiktok.com/@mdshajibbhuiyan302/video/7332403352669637895,#foryou #beautifuldestinations ###foryou ,67,0,4,670,5
beautiful destinations,MD shajib Bhuiyan,mdshajibbhuiyan302,33000,21,769400,21,33000,769400,343,1900,769400,https://www.tiktok.com/@mdshajibbhuiyan302/video/7339080150459501831,à¦®à¦¾à¦¯à¦¼à§‡à¦° à¦†à¦¦à¦°à§‡à¦° à¦›à§‡à¦²à§‡à¦Ÿà¦¾ #foryou #beautifuldestinations #foryourpageâ¤ï¸â¤ï¸â¤ï¸ğŸ›¬âœˆï¸ğŸ›«ğŸ‡§ğŸ‡© ,134,3,7,545,30
beautiful destinations,ArpitağŸŒ·,sh.arpita,5938,6,145700,6,5938,145700,156,121,145700,https://www.tiktok.com/@sh.arpita/video/7391836173850643728,âœ¨ğŸ•Šï¸ #fyp #foryou #foryoupage #honeymoon #watervilla #maldives #tour #trending #bdtiktokofficial @TikTok Bangladesh ,455,43,15,20500,49
beautiful destinations,MD shajib Bhuiyan,mdshajibbhuiyan302,33000,21,769400,21,33000,769400,343,1900,769400,https://www.tiktok.com/@mdshajibbhuiyan302/video/7326952481181732103,",,#foryou #foryourpageâ¤ï¸â¤ï¸â¤ï¸ğŸ›¬âœˆï¸ğŸ›«ğŸ‡§ğŸ‡© ###beautifuldestinations âœˆï¸ğŸ›¬ğŸ›¬ğŸ›«ğŸ‡§ğŸ‡©ğŸ‡§ğŸ‡©ğŸ‡¦ğŸ‡ªğŸ‡¦ğŸ‡ªğŸ‡¦ğŸ‡ª",61,2,2,315,10
beautiful destinations,Valentina__Sutradhar,valentinasutradhar,2780,0,42200,0,2780,42200,26,439,42200,https://www.tiktok.com/@valentinasutradhar/video/7390737959676398866,Explore the beauty of Bandarbanâ€¦..ğŸ›–â›°ï¸ğŸ¤ğŸ€ #foryou #fyp #nature  #mirinjavalley #lama #bandarban #pahar #foryoupage  #heaven #tiktokbangladeshğŸ‡§ğŸ‡© ,20000,726,139,229400,2566
beautiful destinations,MD shajib Bhuiyan,mdshajibbhuiyan302,33000,21,769400,21,33000,769400,343,1900,769400,https://www.tiktok.com/@mdshajibbhuiyan302/video/7339617528949296391,à¦†à¦œ à¦†à¦®à¦¿ à¦¸à¦¤à§à¦¯à¦¿à¦‡ à¦à¦•à¦¾ #foryou #beautifuldestinations #foryourpageâ¤ï¸â¤ï¸â¤ï¸ğŸ›¬âœˆï¸ğŸ›«#foryourpageâ¤ï¸â¤ï¸â¤ï¸ğŸ›¬âœˆï¸ğŸ›«ğŸ‡§ğŸ‡©ğŸ‡§ğŸ‡¦à§³#foryou ,142,0,5,668,24
beautiful destinations,MD shajib Bhuiyan,mdshajibbhuiyan302,33000,21,769400,21,33000,769400,343,1900,769400,https://www.tiktok.com/@mdshajibbhuiyan302/video/7340694539914546450,à¦¨à¦¿à¦œà§‡à¦° à¦‡à¦šà§à¦›à¦¾à¦¯à¦¼ à¦›à¦¾à¦¡à¦¼à¦›à¦¿ à¦¬à¦¾à¦°à¦¿ à§³#foryou #beautifuldestinations #foryourpageâ¤ï¸â¤ï¸â¤ï¸ğŸ›¬âœˆï¸ğŸ›« #foryourpageâ¤ï¸â¤ï¸â¤ï¸ğŸ›¬âœˆï¸ğŸ›«ğŸ‡§ğŸ‡©ğŸ‡§ğŸ‡¦à§³ ,3332,44,75,20400,521
beautiful destinations,Khalaquzzaman Rocky,khalaquzzamanrock,263,954,2837,954,263,2837,260,16800,2837,https://www.tiktok.com/@khalaquzzamanrock/video/7416416534374927624,#beautyblogger #engineering #beautifuldestinations #beautiful #bangladeshğŸ‡§ğŸ‡© #fypã‚· #viral #viralvideo #CapCut #CapCut #grameenphone #beauty #brahmanbaria ,16,0,0,305,1
beautiful destinations,Sopno beauty parlourâ¤ï¸,sopnobeautysalondohar,21300,21,247700,21,21300,247700,420,793,247700,https://www.tiktok.com/@sopnobeautysalondohar/video/7421058907063241992,#raja#beautifuldestinations #beau #beautyreview #fyppppppppppppppppppppppp #fylã‚· #makeupartist @tiktok creators @TikTok Bangladesh ,113,0,6,2685,6
beautiful destinations,MD shajib Bhuiyan,mdshajibbhuiyan302,33000,21,769400,21,33000,769400,343,1900,769400,https://www.tiktok.com/@mdshajibbhuiyan302/video/7341041810262723848,japani lodge 87656#beautifuldestinations #foryourpageâ¤ï¸â¤ï¸â¤ï¸ğŸ›¬âœˆï¸ğŸ›« #foryou #ğŸŒğŸ‡¯ğŸ‡µâ¤ï¸ğŸ‡³ğŸ‡µ ,173,4,7,812,26
beautiful destinations,Sá´€á´‹ÉªÊŸâ™,mdsakilahamed7500,634,213,5654,213,634,5654,92,13300,5654,https://www.tiktok.com/@mdsakilahamed7500/video/7382890667829251346,"The harder the road, the more beautiful the destinationâ¤ï¸ #songsğŸ–¤ğŸ¥€ ",63,0,14,419,3
beautiful destinations,ã€†ğšƒğš„ğ™·ğ™¸ğ™½ ğ™²ğ™·ğ™°ğš„ğ™³ğ™·ğ™°ğšğšˆ,tuhin_official_account,4513,1241,134800,1241,4513,134800,1076,42100,134800,https://www.tiktok.com/@tuhin_official_account/video/7409177208222240018,( Follow My Page)  â€¢ Today's the best Photo ğŸŒ¿ğŸ¥° â€¢ğŸ”´ Beautiful #moodchallengemoodchallenge #Swadhinnews #moodchallengechallenge #BestPhotographyChallenge #photographychallenge #PhotoEditingChallenge #beautychallenge #photoofthed #photoshoot #photographer #photochallenge #photo #abbasitpalhsindhi #bestphotochallenge #smilechallenge #SmileFaceChallenge #smilechallengeaccepted #smilechallengechallenge #smilechallengesmilechallenge #smilefacechallengesmilechallenge #smilemoreworryless #BestPhotographyChallengeio #moodchallengemoodchallengeToday #BestPhotographyChallenge #moodchallengemoodchallenge #bestchallenge #photographychallenge #photochallenge #BestPhotographyChallengeio #moodchallengemoodchallengeToday #BestPhotographyChallenge #moodchallengemoodchallenge #bestchallenge #photographychallenge #photochallenge #moodchallengemoodchallenge #moodchallengechallenge #BestPhotographyChallenge #photographychallenge #PhotoEditingChallenge #photochallenge #smilechallenge #bestphotochallenge #beautychallenge #beautifulchallenge #Infinity_Bangladesh #islamabadbeautyofpakistan #Islamabad #islamicrepublicofpakistan #Pakistan #beautifuldestinations #beauty #blogger #bloggersofinstagram #MargallaHills #mountains #live #dawndotcom #morningvibes #northernareasofpakistan #rainbow #winter #islamabadians #Lahore #trending #rainyday #etribune #potraitphotography #mountainviewcalifornia #islamabadbeautyofpakistan #Islamabad #islamicrepublicofpakistan #pakistan #beautifuldestinations #beauty #blogger #bloggersofinstagram #margallahills #mountains #li #dawndotcom #morning #northernareasofpakistan #rain #winter #islamabad #lahore #trending #rain #etribune #potraitphotography #mountainview #lhr #LahoreRang #Lahore #lahorephotographyclub Today's the best Photo ğŸŒ¿ğŸ¥° ğŸ’šğŸ’šğŸ’šğŸ’šğŸ’šğŸ’šğŸ’šğŸ’šğŸ’šğŸ’š . . . . #picoftheday #picture #pickleballislife #picturechallenge #pictureoftheday #picturebooks #photography #photo #photoshoot #photooftheday #photooftheday #PhotoEditingChallenge #best #bestchallenge #bestof2024 ,75,12,12,383,4
beautiful destinations,HASNAIN SHARIAR ARNUB,hasnainshariar_arnub,9139,857,122100,857,9139,122100,906,6891,122100,https://www.tiktok.com/@hasnainshariar_arnub/video/7420110074036768008,We want Sheikh Hasina ğŸ‡§ğŸ‡©â¤ï¸  #beautifuldestinations #Infinity_Bangladesh #JoyBanglaJoyBangabandhu #Bangladesh #AwamiLeague #SheikhHasinaMission #BangladeshFutureVision #AwamiLeaguePride #HasinaForThePeople #HasinaPower #SheikhHasinaMovement #HasinaUnstoppable #AwamiLeagueSupport #AwamiLeagueOnTop #SheikhHasinaForBangladesh #BangladeshLeadership #AwamiLeagueWins2024 #SheikhHasinaRocks #AwamiLeagueStrength #HasinaWave #BangladeshForHasina #AwamiLeagueGoals #HasinaForProgress #BangladeshDream #BMW #Independence #photographychallengeraphychallenge #fypã‚·ã‚š #SheikhMujib #photographychallengechallenge  #SheikhHasina #Bangladesh #Leadership #PoliticalLeadership #WomenInPolitics #InspiringLeaders #BangladeshPolitics #VisionaryLeader #EmpoweredWomen #SouthAsia #Democracy #GlobalInfluence #PoliticalImpact #SheikhHasinaLegacy #WomenEmpowerment #BangladeshiPride #ModernBangladesh #Government #SocialDevelopment #ChangeMakers  #bdpolitics #BangladeshPolitics #PoliticalDebate #Election2023 #BDElection #BangladeshCurrentAffairs #DhakaPolitics #BangladeshNews #PublicDebate #DemocracyInBangladesh #PoliticalAwareness #VoterEducation #YouthInPolitics #CivicEngagement #PoliticalOpinions #SocialJusticeBD #NewsAnalysis #BangladeshDemocracy #PoliticsOfBangladesh #tiktokviral #viralmoments #trendingnow #funnyvideos #contentcreator #socialmedia #comedy #bestoftheday #viralclips #fyp #forfun #entertaining #watchnow #viralcontent #explorepage #dancechallenge #creativevideo #humor #tiktokfun #tiktokdance  #foryou #trending #viral #explore #videooftheday #cute #funnyvideos #love #popular #contentcreator #inspirational #lifestyle #comedy #music #art #dailyvlog #share #reels #foryoupage #foryoupage #FYP #viralvideo #trending #explorepage #influencer #contentcreator #shortvideo #entertainment #videos #discover #lifehacks #funnyvideos #creativecontent #videooftheday #mustsee #socialmedia #views #likeforlike  #SheikhHasina  #tiktok #tiktokindo #tiktokid #tiktokers #tiktokvietnam #tiktokindonesia #tiktokapp #tiktokbox #tiktoktiktok #tiktokink #tiktokkorea #tiktokindia #tiktokindolaunchparty #tiktokjapan #tiktokviktorious #tiktokmuser #tiktoksea #tiktokkalimantan #tiktokasia #tiktokgeneration #tiktokmemes #tiktoksingapore #tiktoklaunchparty #tiktoksg #tiktokmalay #tiktokrepost #tiktokmoving #tiktokremaja #tiktokchina #tiktokstorage #foryou #ForYourHealth #foryourself #foryourmountain #foryoureyesonly #foryourhome #foryourbeauty #foryourconsideration #foryoumylove #ForYour #foryourlove #foryourpersonalbest #foryourbabies #ForYourEntertainment #foryoursoul #foryoursupport #foryourinformation #foryoutop #foryourchild #foryourservice #foryourconsiderationevent #foryoureyes #ForYourLovedOnes #foryoueverything #ForYouForMe #foryouforever #foryouforall #foryourdreams #ForYourPleasure #foryouquotes #ForYourHealth#foryourself#foryourmountain#foryoureyesonly#foryourhome#foryourbeauty#foryourconsideration#foryoumylove#ForYour#foryourlove#foryourpersonalbest#foryourbabies#ForYourEntertainment#foryoursoul#foryoursupport#foryourinformation#foryoutop#foryourchild#foryourservice#foryourconsiderationevent#foryoureyes#ForYourLovedOnes#foryoueverything#ForYouForMe#foryouforever#foryouforall#foryourdreams#ForYourPleasure#foryouquotes#foryouandme#foryourdosha#foryourpocket#foryoung#foryourescape#foryourfriendsandfamilies#foryoursweettooth#foryourgains#foryourfamily#foryoureyesphoto#foryourconsideration2017#foryoublue#foryourgood#foryoursmile#foryourdog#foryourfuture#foryourglory#foryourbody#foryourpatience#foryourkids#foryoumagazine We want #Sheikh_Hasina #ğŸ‡§ğŸ‡©â¤ï¸  #beautifuldestinations #Infinity_Bangladesh #JoyBanglaJoyBangabandhu #Bangladesh #AwamiLeague #SheikhHasinaMission #BangladeshFutureVision #AwamiLeaguePride #HasinaForThePeople #HasinaPower #SheikhHasinaMovement #HasinaUnstoppable #AwamiLeagueSupport #AwamiLeagueOnTop #SheikhHasinaForBangladesh #BangladeshLeadership #AwamiLeagueWins2024 #SheikhHasinaRocks #AwamiLeagueStrength #HasinaWave #BangladeshForHasina #AwamiLeagueGoals #Has,149,5,7,1046,18
beautiful destinations,ã€†ğšƒğš„ğ™·ğ™¸ğ™½ ğ™²ğ™·ğ™°ğš„ğ™³ğ™·ğ™°ğšğšˆ,tuhin_official_account,4513,1241,134800,1241,4513,134800,1076,42100,134800,https://www.tiktok.com/@tuhin_official_account/video/7408850782382050578,#( Follow My tiktok )  â€¢ Today's the best videoğŸŒ¿ğŸ¥° â€¢ğŸ”´ Beautiful #bestof2024ğŸ’“ğŸ¤—  #Swadhinnews #moodchallengechallenge #BestPhotographyChallenge #photographychallenge #PhotoEditingChallenge #beautychallenge #photoofthed #photoshoot #photographer #photochallenge #photo #abbasitpalhsindhi #bestphotochallenge #smilechallenge #SmileFaceChallenge #smilechallengeaccepted #smilechallengechallenge #smilechallengesmilechallenge #smilefacechallengesmilechallenge #smilemoreworryless #BestPhotographyChallengeio #moodchallengemoodchallengeToday #BestPhotographyChallenge #moodchallengemoodchallenge #bestchallenge #photographychallenge #photochallenge #BestPhotographyChallengeio #moodchallengemoodchallengeToday #BestPhotographyChallenge #moodchallengemoodchallenge #bestchallenge #photographychallenge #photochallenge #moodchallengemoodchallenge #moodchallengechallenge #BestPhotographyChallenge #photographychallenge #PhotoEditingChallenge #photochallenge #smilechallenge #bestphotochallenge #beautychallenge #beautifulchallenge #Infinity_Bangladesh #islamabadbeautyofpakistan #Islamabad #islamicrepublicofpakistan #Pakistan #beautifuldestinations #beauty #blogger #bloggersofinstagram #MargallaHills #mountains #live #dawndotcom #morningvibes #northernareasofpakistan #rainbow #winter #islamabadians #Lahore #trending #rainyday #etribune #potraitphotography #mountainviewcalifornia #islamabadbeautyofpakistan #Islamabad #islamicrepublicofpakistan #pakistan #beautifuldestinations #beauty #blogger #bloggersofinstagram #margallahills #mountains #li #dawndotcom #morning #northernareasofpakistan #rain #winter #islamabad #lahore #trending #rain #etribune #potraitphotography #mountainview #lhr #LahoreRang #Lahore #lahorephotographyclub Today's the best Photo ğŸŒ¿ğŸ¥° ğŸ’šğŸ’šğŸ’šğŸ’šğŸ’šğŸ’šğŸ’šğŸ’šğŸ’šğŸ’š . . . . #picoftheday #picture #pickleballislife #picturechallenge #pictureoftheday #picturebooks #photography #photo #photoshoot #photooftheday #photooftheday #PhotoEditingChallenge #best #bestchallenge #bestof2024ã‚· #fypã‚· #foryou #fyp #viral #foryoupage ,66,3,4,322,3
beautiful destinations,ğŸ’—âœ¨ğ‘†â„ğ‘ğ‘›ğ‘¡ğ‘ğŸ’—âœ¨,santaakter549,4373,143,157300,143,4373,157300,869,95200,157300,https://www.tiktok.com/@santaakter549/video/7383257558875655440,â™¡_The harder the road gets...! ğŸ™‚ The destination will be more beautiful...!  â™¡_à¦°à¦¾à¦¸à§à¦¤à¦¾ à¦¯à¦¤ à¦•à¦ à¦¿à¦¨ à¦¹à¦¬à§‡...! ğŸ™‚ à¦—à¦¨à§à¦¤à¦¬à§à¦¯ à¦¤à¦¤à§‹ à¦¬à§‡à¦¶à¦¿ à¦¸à§à¦¨à§à¦¦à¦° à¦¹à¦¬à§‡...! ğŸ˜ŠğŸŒ· #Shantaaktar #pyãƒ„ #fypã‚· #vairal_video_tiktok_foryou_pageğŸ¤˜âœŒï¸ğŸ¥° #pyãƒ„viralğŸ¦‹_ğŸ”¥videotiktokğŸ’” #vairal_video_tiktok #à¦¦à§‹à¦¹à¦¾à¦°_à¦œà¦¯à¦¼à¦ªà¦¾à¦¡à¦¼à¦¾à¦°_à¦®à§‡à¦¯à¦¼à§‡ğŸ”¥ ,180,0,20,473,17
beautiful destinations,{à¦œà¦¾à¦¤à¦¿à¦° à¦–à¦¾à¦²à¦¾à¦¤à§‹ à¦­à¦¾à¦‡},rsakash508,1873,2901,32200,2901,1873,32200,731,16000,32200,https://www.tiktok.com/@rsakash508/video/7405960254074178817,Tumi amar sei sopnoğŸ˜Š#business #tech #photography #quotes #lovefood #fashionblogger #beautifuldestinations #fashionblogger  à¦¨à¦¿à¦¶à§à¦šà¦¿à¦¤à¦­à¦¾à¦¬à§‡! à¦à¦–à¦¾à¦¨à§‡ à§«à§¦à¦Ÿà¦¿ à¦œà¦¨à¦ªà§à¦°à¦¿à§Ÿ à¦¹à§à¦¯à¦¾à¦¶à¦Ÿà§à¦¯à¦¾à¦— à¦¦à§‡à¦“à§Ÿà¦¾ à¦¹à¦²à§‹ à¦¯à¦¾ à¦¸à§‹à¦¶à§à¦¯à¦¾à¦² à¦®à¦¿à¦¡à¦¿à§Ÿà¦¾à§Ÿ à¦¬à§à¦¯à¦¬à¦¹à§ƒà¦¤ à¦¹à¦¤à§‡ à¦ªà¦¾à¦°à§‡: #love** â€“ à¦²à¦¾à¦­ #instagood** â€“ à¦‡à¦¨à¦¸à§à¦Ÿà¦¾à¦—à§à¦¡ #photooftheday** â€“ à¦«à¦Ÿà§‹à¦…à¦«à¦¦à§‡ #beautiful** â€“ à¦¬à¦¿à¦‰à¦Ÿà¦¿à¦«à§à¦² #happy** â€“ à¦¹à§à¦¯à¦¾à¦ªà¦¿ #cute** â€“ à¦•à¦¿à¦‰à¦Ÿ #tbt** â€“ à¦Ÿà¦¿à¦¬à¦¿à¦Ÿà¦¿ (Throwback Thursday) #fashion** â€“ à¦«à§à¦¯à¦¾à¦¶à¦¨ #followme** â€“ à¦«à¦²à§‹à¦®à¦¿ #picoftheday** â€“ à¦ªà¦¿à¦•à¦…à¦«à¦¦à§‡ #instadaily** â€“ à¦‡à¦¨à¦¸à§à¦Ÿà¦¾à¦¡à§‡à¦‡à¦²à¦¿ #instalike** â€“ à¦‡à¦¨à¦¸à§à¦Ÿà¦¾à¦²à¦¾à¦‡à¦• #summer** â€“ à¦¸à¦¾à¦®à¦¾à¦° #art** â€“ à¦†à¦°à§à¦Ÿ #nature** â€“ à¦¨à§‡à¦šà¦¾à¦° #style** â€“ à¦¸à§à¦Ÿà¦¾à¦‡à¦² #amazing** â€“ à¦…à§à¦¯à¦¾à¦®à§‡à¦œà¦¿à¦‚ #instamood** â€“ à¦‡à¦¨à¦¸à§à¦Ÿà¦¾à¦®à§à¦¡ #fun** â€“ à¦«à¦¾à¦¨ #smile** â€“ à¦¸à§à¦®à¦¾à¦‡à¦² #friends** â€“ à¦«à§à¦°à§‡à¦¨à§à¦¡à¦¸ #food** â€“ à¦«à§à¦¡#fitness** â€“ à¦«à¦¿à¦Ÿà¦¨à§‡à¦¸#family** â€“ à¦«à§à¦¯à¦¾à¦®à¦¿à¦²à¦¿ #followforfollow** â€“ à¦«à¦²à§‹à¦«à¦°à¦«à¦²à§‹ #travel** â€“ à¦Ÿà§à¦°à¦¾à¦­à§‡à¦² #repost** â€“ à¦°à¦¿à¦ªà§‹à¦¸à§à¦Ÿ #selfie** â€“ à¦¸à§‡à¦²à¦«à¦¿ #motivational** â€“ à¦®à§‹à¦Ÿà¦¿à¦­à§‡à¦¶à¦¨à¦¾à¦²#workout** â€“ à¦“à¦¯à¦¼à¦¾à¦°à§à¦•à¦†à¦‰à¦Ÿ #loveit** â€“ à¦²à¦¾à¦­à¦‡à¦Ÿ #inspiration** â€“ à¦‡à¦¨à¦¸à§à¦ªà¦¿à¦°à§‡à¦¶à¦¨ #life** â€“ à¦²à¦¾à¦‡à¦« #lifestyle** â€“ à¦²à¦¾à¦‡à¦«à¦¸à§à¦Ÿà¦¾à¦‡à¦² #new** â€“ à¦¨à¦¿à¦‰ #music** â€“ à¦®à¦¿à¦‰à¦œà¦¿à¦• #holiday** â€“ à¦¹à¦²à¦¿à¦¡à§‡ #beautifuldestinations** â€“ à¦¬à¦¿à¦‰à¦Ÿà¦¿à¦«à§à¦²à¦¡à§‡à¦¸à§à¦Ÿà¦¿à¦¨à§‡à¦¶à¦¨à¦¸ #funny** â€“ à¦«à¦¾à¦¨à¦¿ #dance** â€“ à¦¡à¦¾à¦¨à§à¦¸ #makeup** â€“ à¦®à§‡à¦•à¦†à¦ª#hair** â€“ à¦¹à§‡à¦¯à¦¼à¦¾à¦° #fashionblogger** â€“ à¦«à§à¦¯à¦¾à¦¶à¦¨à¦¬à§à¦²à¦—à¦¾à¦° #ootd** â€“ à¦“à¦“à¦Ÿà¦¿à¦¡à¦¿ (Outfit of the Day) #fitnessmotivation** â€“ à¦«à¦¿à¦Ÿà¦¨à§‡à¦¸à¦®à§‹à¦Ÿà¦¿à¦­à§‡à¦¶à¦¨ #lovefood** â€“ à¦²à¦¾à¦­à¦«à§à¦¡ #quotes** â€“ à¦•à§‹à¦Ÿà¦¸ #photography** â€“ à¦«à¦Ÿà§‹à¦—à§à¦°à¦¾à¦«à¦¿ #tech** â€“ à¦Ÿà§‡à¦• #business** â€“ à¦¬à¦¿à¦œà¦¨à§‡à¦¸,71,3,1,403,3
beautiful destinations,ğŸ¥€ğŸŒ¹ğŸŒ¹â˜…â˜…â˜…à¦•à¦¿à¦‰à¦Ÿ à¦¹à§à¦œà§à¦°â˜…â˜…â˜… ğŸŒ¹ğŸŒ¹ğŸ¥€,amdkamalmia,4233,775,43200,775,4233,43200,486,58600,43200,https://www.tiktok.com/@amdkamalmia/video/7376639018844409096,à¦†à¦®à¦¾à¦¦à§‡à¦° à¦®à¦¾à¦¦à§à¦°à¦¾à¦¸à¦¾à¦° à¦®à¦¾à¦—à¦°à¦¿à¦¬à§‡à¦° à¦ªà¦°à§‡à¦° à¦•à§à¦²à¦¾à¦¸â€¢ Today's the best Photo ğŸŒ¿ğŸ¥° â€¢ğŸ”´ Beautiful #moodchallengemoodchallenge #Swadhinnews #moodchallengechallenge #BestPhotographyChallenge #photographychallenge #PhotoEditingChallenge #beautychallenge #photoofthed #photoshoot #photographer #photochallenge #photo #abbasitpalhsindhi #bestphotochallenge #smilechallenge #SmileFaceChallenge #smilechallengeaccepted #smilechallengechallenge #smilechallengesmilechallenge #smilefacechallengesmilechallenge #smilemoreworryless #BestPhotographyChallengeio #moodchallengemoodchallengeToday #BestPhotographyChallenge #moodchallengemoodchallenge #bestchallenge #photographychallenge #photochallenge #BestPhotographyChallengeio #moodchallengemoodchallengeToday #BestPhotographyChallenge #moodchallengemoodchallenge #bestchallenge #photographychallenge #photochallenge #moodchallengemoodchallenge #moodchallengechallenge #BestPhotographyChallenge #photographychallenge #PhotoEditingChallenge #photochallenge #smilechallenge #bestphotochallenge #beautychallenge #beautifulchallenge #Infinity_Bangladesh #islamabadbeautyofpakistan #Islamabad #islamicrepublicofpakistan #Pakistan #beautifuldestinations #beauty #blogger #bloggersofinstagram #MargallaHills #mountains #live #dawndotcom #morningvibes #northernareasofpakistan #rainbow #winter #islamabadians #Lahore #trending #rainyday #etribune #potraitphotography #mountainviewcalifornia #islamabadbeautyofpakistan #Islamabad #islamicrepublicofpakistan #pakistan #beautifuldestinations #beauty #blogger #bloggersofinstagram #margallahills #mountains #li #dawndotcom #morning #northernareasofpakistan #rain #winter #islamabad #lahore #trending #rain #etribune #potraitphotography #mountainview #lhr #LahoreRang #Lahore #lahorephotographyclub Today's the best Photo ğŸŒ¿ğŸ¥° ğŸ’šğŸ’šğŸ’šğŸ’šğŸ’šğŸ’šğŸ’šğŸ’šğŸ’šğŸ’š . . . . #picoftheday #picture #pickleballislife #picturechallenge #pictureoftheday #picturebooks #photography #photo #photoshoot #photooftheday #photooftheday #PhotoEditingChallenge #best #bestchallenge #bestofthebest #bestfriendscheck ,202,6,14,654,16
beautiful destinations,Incognito Rider,incognitorider0,20,25,21,25,20,21,20,275,21,https://www.tiktok.com/@incognitorider0/video/7421213005070781704,Difficult roads often lead to beautiful destinations. #CapCut #highway,0,0,0,306,0
beautiful destinations,riazmohi10,riazmohi10,142200,108,4300000,108,142200,4300000,2662,17300,4300000,https://www.tiktok.com/@riazmohi10/video/7053357730949614874,#foryoupage #foryou#unfreezemyaccount #tiktok #bdtiktokofficial #ctgmuser #naturallover #beautifulbdğŸ‡§ğŸ‡© #sunsetğŸŒ…â¤ï¸,174400,14200,538,1600000,2275
beautiful destinations,Sopno beauty parlourâ¤ï¸,sopnobeautysalondohar,21300,21,247700,21,21300,247700,420,793,247700,https://www.tiktok.com/@sopnobeautysalondohar/video/7421497821511109896,gulap#beautifuldestinations #beau #beautyreview #fyppppppppppppppppppppppp #fylã‚· #makeupartist #foryoupage #@tiktok creators @TikTok Bangladesh ,32,3,2,839,2
beautiful destinations,ğŸ’¥ÑÉªÒ“ê«á´› Ñ”âˆ‚Éªá´›á´¢ğŸ’¥,rifat___editz,19700,38,504100,38,19700,504100,873,4991,504100,https://www.tiktok.com/@rifat___editz/video/7378444943670480146,part 321 | # Beautiful Port Louis mauritiusğŸ‡²ğŸ‡ºğŸŒ†ğŸ’ğŸ¥€ğŸ¤© #fyp #foryou #fypã‚·ã‚šviral #viralvideo #unfrezzmyaccount #trending #sound #view #places #travel #city #portlouismauritiusğŸ‡²ğŸ‡º #view #edits #rifat___editz #trending_video_editor_bd #1millionaudition #bangladesh @TikTok Bangladesh @TikTok @TikTok Trends #viralvideo ,3273,55,30,30700,279
beautiful destinations,Imam Hossain ğŸ‡§ğŸ‡©,chittabong_,8321,205,105700,205,8321,105700,105,1526,105700,https://www.tiktok.com/@chittabong_/video/6987456842330901786,"Undoubtedly one of the most scenic waterfalls in Bangladesh,  Shohosrodhara waterfall ğŸ‡§ğŸ‡© #chittabong #fyp #fypã‚· #bangladesh #travel #foryou #foryou",4667,159,37,67900,191
beautiful destinations,MD shajib Bhuiyan,mdshajibbhuiyan302,33000,21,769400,21,33000,769400,343,1900,769400,https://www.tiktok.com/@mdshajibbhuiyan302/video/7328657053273148679,à¦šà¦²à§‡ à¦¯à¦¾à¦¬à§‹ à¦à¦•à¦¦à¦¿à¦¨ ğŸ‡§ğŸ‡© à¦Ÿà§ ğŸ‡©ğŸ‡ªğŸ›¬âœˆï¸ğŸ›«#foryou #foryourpageâ¤ï¸â¤ï¸â¤ï¸ğŸ›¬âœˆï¸ğŸ›«ğŸ‡§ğŸ‡© #beautifuldestinations ,91,2,4,631,9
beautiful destinations,Sopno beauty parlourâ¤ï¸,sopnobeautysalondohar,21300,21,247700,21,21300,247700,420,793,247700,https://www.tiktok.com/@sopnobeautysalondohar/video/7421961694064217351,#beautifuldestinations #beautyreview #fyppppppppppppppppppppppp #fylã‚· #f #Asha #makeover #unfreezemyacount @tiktok creators @TikTok Bangladesh #bdtiktok ,28,2,0,484,4
beautiful destinations,jan,arifinhasan58,1749,3058,36600,3058,1749,36600,3189,746,36600,https://www.tiktok.com/@arifinhasan58/video/7421937936041594119,#bangladeshğŸ‡§ğŸ‡© #beautifuldestinations #iphone20 #treanding #Nasastation2 #foryou #pocket #brazilğŸ‡§ğŸ‡· #pocket #lionmax #spacexstarship #voiceeffects #parachute #chute #duet #official #proton #foryou #Nasastation2 #iphone20 #fypã‚· ,39,2,0,378,3
beautiful destinations,HASNAIN SHARIAR ARNUB,hasnainshariar_arnub,9139,857,122100,857,9139,122100,906,6891,122100,https://www.tiktok.com/@hasnainshariar_arnub/video/7421980500945931527,We want Sheikh Hasina ğŸ‡§ğŸ‡©â¤ï¸  #beautifuldestinations #Infinity_Bangladesh #JoyBanglaJoyBangabandhu #Bangladesh #AwamiLeague #SheikhHasinaMission #BangladeshFutureVision #AwamiLeaguePride #HasinaForThePeople #HasinaPower #SheikhHasinaMovement #HasinaUnstoppable #AwamiLeagueSupport #AwamiLeagueOnTop #SheikhHasinaForBangladesh #BangladeshLeadership #AwamiLeagueWins2024 #SheikhHasinaRocks #AwamiLeagueStrength #HasinaWave #BangladeshForHasina #AwamiLeagueGoals #HasinaForProgress #BangladeshDream #BMW #Independence #photographychallengeraphychallenge #fypã‚·ã‚š #SheikhMujib #photographychallengechallenge  #SheikhHasina #Bangladesh #Leadership #PoliticalLeadership #WomenInPolitics #InspiringLeaders #BangladeshPolitics #VisionaryLeader #EmpoweredWomen #SouthAsia #Democracy #GlobalInfluence #PoliticalImpact #SheikhHasinaLegacy #WomenEmpowerment #BangladeshiPride #ModernBangladesh #Government #SocialDevelopment #ChangeMakers  #bdpolitics #BangladeshPolitics #PoliticalDebate #Election2023 #BDElection #BangladeshCurrentAffairs #DhakaPolitics #BangladeshNews #PublicDebate #DemocracyInBangladesh #PoliticalAwareness #VoterEducation #YouthInPolitics #CivicEngagement #PoliticalOpinions #SocialJusticeBD #NewsAnalysis #BangladeshDemocracy #PoliticsOfBangladesh #tiktokviral #viralmoments #trendingnow #funnyvideos #contentcreator #socialmedia #comedy #bestoftheday #viralclips #fyp #forfun #entertaining #watchnow #viralcontent #explorepage #dancechallenge #creativevideo #humor #tiktokfun #tiktokdance  #foryou #trending #viral #explore #videooftheday #cute #funnyvideos #love #popular #contentcreator #inspirational #lifestyle #comedy #music #art #dailyvlog #share #reels #foryoupage #foryoupage #FYP #viralvideo #trending #explorepage #influencer #contentcreator #shortvideo #entertainment #videos #discover #lifehacks #funnyvideos #creativecontent #videooftheday #mustsee #socialmedia #views #likeforlike  We want #Sheikh_Hasina #ğŸ‡§ğŸ‡©â¤ï¸  #beautifuldestinations #Infinity_Bangladesh #JoyBanglaJoyBangabandhu #Bangladesh #AwamiLeague #SheikhHasinaMission #BangladeshFutureVision #AwamiLeaguePride #HasinaForThePeople #HasinaPower #SheikhHasinaMovement #HasinaUnstoppable #AwamiLeagueSupport #AwamiLeagueOnTop #SheikhHasinaForBangladesh #BangladeshLeadership #AwamiLeagueWins2024 #SheikhHasinaRocks #AwamiLeagueStrength #HasinaWave #BangladeshForHasina #AwamiLeagueGoals #HasinaForProgress #BangladeshDream #BMW #Independence #photographychallengeraphychallenge #fypã‚·ã‚š #SheikhMujib #photographychallengechallenge  #SheikhHasina #Bangladesh #Leadership #PoliticalLeadership #WomenInPolitics #InspiringLeaders #BangladeshPolitics #VisionaryLeader #EmpoweredWomen #SouthAsia #Democracy #GlobalInfluence #PoliticalImpact #SheikhHasinaLegacy #WomenEmpowerment #BangladeshiPride #ModernBangladesh #Government #SocialDevelopment #ChangeMakers  #bdpolitics #BangladeshPolitics #PoliticalDebate #Election2023 #BDElection #BangladeshCurrentAffairs #DhakaPolitics #BangladeshNews #PublicDebate #DemocracyInBangladesh #PoliticalAwareness #VoterEducation #YouthInPolitics #CivicEngagement #PoliticalOpinions #SocialJusticeBD #NewsAnalysis #BangladeshDemocracy #PoliticsOfBangladesh #tiktokviral #viralmoments #trendingnow #funnyvideos #contentcreator #socialmedia #comedy #bestoftheday #viralclips #fyp #forfun #entertaining #watchnow #viralcontent #explorepage #dancechallenge #creativevideo #humor #tiktokfun #tiktokdance  #foryou #trending #viral #explore #videooftheday #cute #funnyvideos #love #popular #contentcreator #inspirational #lifestyle #comedy #music #art #dailyvlog #share #reels #foryoupage #foryoupage #FYP #viralvideo #trending #explorepage #influencer #contentcreator #shortvideo #entertainment #videos #discover #lifehacks #funnyvideos #creativecontent #videooftheday #mustsee #socialmedia #views #likeforlike #exploresemarang #exploreaustralia #exploresingapore #explorers #exploretheglobe #exploresurabaya #explorebogor #explorelombok #explorejapan #exploregunung #exploreindia #explore #explorepage #e,15,0,1,513,1
beautiful destinations,RoamReady2024,roamready2024,594,825,819,825,594,819,119,136,819,https://www.tiktok.com/@roamready2024/video/7366164925263219985,"The 10 best places to visit in beautiful Cambodia. Packed with some of Southeast Asia's best experiences, from temples to beaches and wonderful wildlife, it truly pays to spend a few weeks exploring Cambodia. #cambodia #placestovisit #top10 #traveltiktok #travelaroundtheworld #travelbucketlist #travelvlog #fypage ||| Royalty Free Music from Tunetank.com Track: Discovery by EdRecords https://tunetank.com/track/559-discovery/",42,3,4,1862,3
beautiful destinations,Friend,www.friends.com546,1192,1136,3691,1136,1192,3691,50,5081,3691,https://www.tiktok.com/@www.friends.com546/video/7212843746734492929,One of the most beautiful places in India.......ğŸ˜,1230,490,46,38000,215
beautiful destinations,Adventure Alcove,adventure.alcove1,362,7,1600,7,362,1600,15,3,1600,https://www.tiktok.com/@adventure.alcove1/video/7333688681091321095,One of the most beautiful countries in the world - Switzerland #switzerland #landscape #naturelover #swiss #myswitzerland #swissalps #beautifuldestinations #swisslove #visitswitzerland #breathtaking #heavenonearth ##inlovewithswitzerland #europe #travel #epic #instadaily ,516,55,2,16000,26
beautiful destinations,~Smile Queen~ ğŸ¤©ğŸ¦‹,asmalucky129,5592,2280,31300,2280,5592,31300,168,7852,31300,https://www.tiktok.com/@asmalucky129/video/7374793462710930695,à¦¨à¦¿à¦°à¦¿à¦¬à¦¿à¦²à¦¿ - Niribili Eco Resort SajekğŸ’#viralvideo #foryoupage #onthisdayâ¤ï¸â¤ï¸â¤ï¸ #besttimeeverâ¤ï¸ #bdtiktokofficialğŸ‡§ğŸ‡© #sajekvalley #nuturalbeauty #beutifulplaceâœŒğŸ»ğŸ’š #niceview @TikTok @TikTok Bangladesh ,306,31,20,14200,18
beautiful destinations,â¤ğŸ˜˜MORIOMğŸ¥°â¤,moriom6666,14000,65,148400,65,14000,148400,2555,17200,148400,https://www.tiktok.com/@moriom6666/video/7343800144673967367,à¦¶à§à¦­ à¦¸à¦•à¦¾à¦² à¦¬à¦¨à§ à¦°à¦¾ à¦•à§‡à¦®à¦¨ à¦†à¦›à§‹ğŸ¥°ğŸ¥°ğŸ¥° à¦¸à¦¬à¦¾à¦‡ à¦•à§‡ à¦œà§à¦®à¦®à¦¾ à¦®à§‹à¦¬à¦¾à¦°à¦•ğŸ¥°ğŸ¥°ğŸ¥°,69500,4611,2281,13500000,5400
beautiful destinations,Ramisha,ramisha955,14900,71,431700,71,14900,431700,458,26100,431700,https://www.tiktok.com/@ramisha955/video/7336780962837155092,Paris ğŸ‡¨ğŸ‡µ France ğŸ‡¨ğŸ‡µ most beautiful city in paris ğŸŒº #photography #fypã‚·ã‚šviral #foryoupage #photo #america #europe #Asia ,2172,362,59,31400,223
beautiful destinations,Sanjida Akter,sanjidaakter602,12600,61,86200,61,12600,86200,175,457,86200,https://www.tiktok.com/@sanjidaakter602/video/7233247851667672322,à¦¬à¦‰à¦¦à§‡à¦° à¦¬à¦¸à§‡ à¦¥à¦¾à¦•à¦¤à§‡ à¦¦à§‡à¦–à¦²à§‡à¦‡ à¦œà¦¾à¦®à¦¾à¦‡à¦¦à§‡à¦° à¦®à¦¾à¦¥à¦¾ à¦¬à§à¦¯à¦¾à¦¥à¦¾ à¦¶à§à¦°à§ à¦¹à§Ÿà§‡ à¦¯à¦¾à§ŸğŸ˜„,48900,2641,927,10800000,4020
beautiful destinations,Kida Re?,kida_re,7421,144,256000,144,7421,256000,99,3105,256000,https://www.tiktok.com/@kida_re/video/7269420413178973442,Beautiful Darjeeling. #tiktokbangladesh #travel #weather #trending #foryou #fyp #fypã‚· #india ,347,144,4,16400,36
beautiful destinations,â™¡à¼„â”€ğ–™ğ–†ğ–’ğ–ğ–’â”€á´±á´°ğ–ğ–™É€'ğ–â”€à¼»â™¡,tamim_editz9x,17300,232,584100,232,17300,584100,383,23800,584100,https://www.tiktok.com/@tamim_editz9x/video/7342804157822225666,Montenegro ğŸ‡²ğŸ‡ª ğŸ‡²ğŸ‡ª ğŸ‡²ğŸ‡ª ğŸ¤©ğŸ¤©ğŸ‘€#viral #beautifulview #newtrend #viraltiktok #montenegro #video_for_you #copylinkkkkkkkkkkk  #trending #tredingsound #fpyã‚·viral #fpyã‚·â¥tiktokğŸ–¤ğŸŒ¹ #viraltikto#viral #editing #country #video #editor #tamimeditz9x #bdtiktokofficial #foryou #foryourpage @ğŸ¦‹ Fá´€ÊœÉªá´_ğ™´ğšğš’ğšğš£â ğŸ¦‹ğŸŒ€ @ğŸ’ ğŸ†‚ğŸ†„ğŸ…¹ğŸ…°ğŸ…³ ğŸ†ğŸ…½ ğŸ’ @â™¡ï¸ğš‚ê«ÖŸáÉ¢á´Ê€â™¡á´‡á´…Éªá´›á´¢êªœâ™¡ï¸ @ğŸ¦‹AHAD EDITZğŸ¦‹ @Alight Motion ,1151,19,25,18000,69
beautiful destinations,Dr.HRID ğŸ‡§ğŸ‡©,dr_hrid,3178,574,113600,574,3178,113600,368,2539,113600,https://www.tiktok.com/@dr_hrid/video/7315030305566362898,"ğŸ“Potenga Sea Beach,Chittagong  . . #Chattogram #Chittagong #beautiful  #parkiseabeach #seabeach #Potenga_Sea_Beach #bdtiktokofficial #bangladeshivlogger #beautifuldestinations #natgeotravel ",136,3,3,4589,13
beautiful destinations,Glow Up Beauty By Shila,shilaakyer,9567,22,132800,22,9567,132800,1091,80800,132800,https://www.tiktok.com/@shilaakyer/video/7409673161718893831,Inshallah one day I will reach my destinationğŸ¥°Bridal makeover done by me Glow Up Beauty By ShilağŸ’™,92,8,22,1648,7
beautiful destinations,Sumaya,sumaya.yeacin,914,61,8454,61,914,8454,108,129,8454,https://www.tiktok.com/@sumaya.yeacin/video/7371163165800942866,most beautiful rain Iâ€™ve ever seen from this resortğŸŒ§ï¸ #meghpolli_à¦®à§‡à¦˜à¦ªà¦²à§à¦²à§€_à¦°à¦¿à¦¸à§‹à¦°à§à¦Ÿ_à¦¸à¦¾à¦œà§‡à¦•  #rain #sajek #nature #naturelover #fy #fyp #follow ,2269,143,0,36200,145
beautiful destinations,Anuska sen,anuska.sen.official,78900,1,703500,1,78900,703500,2064,4947,703500,https://www.tiktok.com/@anuska.sen.official/video/7418914429489745170,#NatureLovers #NaturePhotography #ExploreTheWorld #WildernessCulture #NatureBeauty #EarthFocus #ScenicViews #NatureAddict #NatureGram #NatureInspiration #NaturePerfection #OutdoorAdventure #InstaNature #NatureLove #BeautifulDestinations,149,1,9,1864,15
beautiful destinations,eyana ayoune alzadi,eyanaayoune,270800,29,2500000,29,270800,2500000,1521,1474,2500000,https://www.tiktok.com/@eyanaayoune/video/7004783699371756826,#fyp #billionaire #hindisong #coxsbazar #longestseabeach,16100,192,2,243500,295
beautiful destinations,TAHSINUN HUQ,tahsinun.huq,133,1,3007,1,133,3007,163,309,3007,https://www.tiktok.com/@tahsinun.huq/video/7410224824011836679,#2million #foryou #follow #everyone #à¦­à¦¾à¦²à§‹à¦²à¦¾à¦—à¦¾à¦°_à¦•à¦¿à¦›à§_à¦®à§à¦¹à§‚à¦°à§à¦¤ğŸ¥€ğŸ’—ğŸ’— #beautifuldestinations #share à¦¸à¦•à¦¾à¦²à§‡à¦° à¦¶à§€à¦¤à¦² à¦¹à¦¾à¦“à¦¯à¦¼à¦¾à§Ÿ  à¦‰à¦¨à§à¦®à§à¦•à§à¦¤ à¦†à¦•à¦¾à¦¶à§‡ à¦˜à§à¦°à¦›à§‡ à¦ªà¦¾à¦–à¦¿à¦° à¦¦à¦²! ,29,0,0,368,1
beautiful destinations,Made by Tahashu,made.by.tahashu,28,142,234,142,28,234,37,65,234,https://www.tiktok.com/@made.by.tahashu/video/7421917220311174416,Most beautiful place in Asia (North Sikkim) #viral #traveldestinations #india #Northsikkim #zeropoint #sikkim #mountain #clam #cloud #sky #snow #icefall #valley #garden #arial #tiktok #reels ,4,0,1,316,1
beautiful destinations,STG - Sajek Travel Group,sajektravelgroup,722,2,5728,2,722,5728,80,149,5728,https://www.tiktok.com/@sajektravelgroup/video/7327399267146943745,"à¦¸à§à¦¨à§à¦¦à¦°à¦¬à¦¨ à¦à¦° à¦•à§‹à¦²à§‡ à¦—à§œà§‡ à¦“à¦ à¦¾ à¦…à¦¨à¦¿à¦¨à§à¦¦à§à¦¯ à¦¸à§à¦¨à§à¦¦à¦° à¦¬à¦¨à¦¬à¦¿à¦¬à¦¿ - Bonobibi Forest Resort - Sundarban ğŸŒ¿ğŸ¡ à¦à¦•à¦ªà¦¾à¦¶à§‡ à¦—à§à¦°à¦¾à¦® à¦†à¦° à¦…à¦¨à§à¦¯à¦ªà¦¾à¦¶à§‡ à¦¨à¦¦à§€, à¦¨à¦¦à§€ à¦ªà§‡à¦°à§à¦²à§‡à¦‡ à¦¸à§à¦¨à§à¦¦à¦°à¦¬à¦¨à¥¤ ğŸ† à¦¯à¦¾à¦°à¦¾ à¦¨à¦¿à¦°à¦¿à¦¬à¦¿à¦²à¦¿ à¦¸à¦®à§Ÿ à¦•à¦¾à¦Ÿà¦¾à¦¤à§‡ à¦šà¦¾à¦¨ à¦¤à¦¾à¦¦à§‡à¦° à¦‰à¦ªà¦¯à§à¦•à§à¦¤ à¦¸à§à¦¥à¦¾à¦¨à¥¤  ğŸ˜ à¦¢à¦¾à¦•à¦¾ à¦¥à§‡à¦•à§‡ à¦®à¦¾à¦¤à§à¦° 04 à¦˜à¦¨à§à¦Ÿà¦¾à§Ÿ à¦®à¦‚à¦²à¦¾ à¦šà¦²à§‡ à¦¯à¦¾à¦¬à§‡à¦¨à¥¤ à¦¤à¦¾à¦°à¦ªà¦° 40 à¦®à¦¿à¦¨à¦¿à¦Ÿà§‡à¦° à¦›à§‹à¦Ÿ à¦à¦•à¦Ÿà¦¿ à¦¬à§‹à¦Ÿ à¦œà¦¾à¦°à§à¦¨à¦¿à¦¤à§‡ à¦ªà§Œà¦›à§‡ à¦¯à¦¾à¦¬à§‡à¦¨ à¦¬à¦¨à¦¬à¦¿à¦¬à¦¿ à¦°à¦¿à¦¸à§‹à¦°à§à¦Ÿà§‡à¥¤ ğŸ¤˜ #sa#sajektravelgroupo#bonobibiresortu#sundarbanongla ",58,32,3,4855,8
beautiful destinations,Sin,anka.559,7745,96,132000,96,7745,132000,115,3573,132000,https://www.tiktok.com/@anka.559/video/7369183411648433425,"Its so beautiful and scary for some of us bc something happened, story for another day ğŸ¤« but look at the church ğŸ¤ğŸšï¸ #CapCut #fyppppppppppppppppppppppp #bangladeshğŸ‡§ğŸ‡© #fypã‚· #fypage #dhaka #summervibes #explore #church #purandhaka #purandhakaplacestogo #olddhaka #beautifuldestinations ",103,12,8,4248,28
beautiful destinations,MD Kamran Ahmed,kamranahmed19980,1577,1836,13700,1836,1577,13700,463,13500,13700,https://www.tiktok.com/@kamranahmed19980/video/7403204960390843666,#funnyreels #beautifulğŸ˜‚ğŸ˜‚ğŸ˜‚  #funnyvideo #funnyvideos #funnypost#fundraiser#photographer#fun#reelsvideo#reals#photo#beautifuldestinationsğŸ˜‚ğŸ˜‚ğŸ˜‚ğŸ˜‚,32,17,4,439,2
beautiful destinations,â¤ï¸Itz murad. m.aâ¤ï¸,itzmuradm.a,10600,4,473600,4,10600,473600,726,1826,473600,https://www.tiktok.com/@itzmuradm.a/video/7204415454843047170,top 10 most beautifull places in BangladeshğŸ‡§ğŸ‡©âœ…#bdtiktokofficial #bdtiktok #foryou #foryoupage #trending #trend #viral #viralvideo #viraltiktok #tiktok #top10 #most #beutifull #places #in #bangladesh #exploer #expolorepage ,228,48,5,15600,33
beautiful destinations,ğŸ‘‘Jahangir AlamğŸ‘‘,loveyou.0011,5557,7549,162900,7549,5557,162900,532,77800,162900,https://www.tiktok.com/@loveyou.0011/video/7382810870570700050,Kashmir BeautifulğŸ‘ŒğŸŒ¿ for you  3.5M veus. viral TikTok #foryou #fopã‚·ã‚šviral #beautifulğŸ‘Œ #tiktok #viralvideo #karolg #kasmir ,1172,365,246,14400,231
beautiful destinations,ğŸ‡§ğŸ‡©ğŸ‡ªğŸ‡­ğ“œğ“­.ğ“ğ“·ğ”€ğ“ªğ“» â›,mdanwar9364,160300,712,1500000,712,160300,1500000,877,438900,1500000,https://www.tiktok.com/@mdanwar9364/video/7161976586974072091,#foryoupage ,74200,5585,3071,9800000,7020
beautiful destinations,DH AHAD OFFICEL,djkickmaster2,96100,4421,999300,4421,96100,999300,4425,100900,999300,https://www.tiktok.com/@djkickmaster2/video/7404046271511547143,#à¦†à¦®à¦¿ à¦Ÿà¦¿à¦•à¦Ÿà¦•à§‡ à¦­à¦¾à¦‡à¦°à¦¾à¦² à¦¹à¦¤à§‡ à¦šà¦¾à¦‡#unfrezzmyaccount #foryoupage #@TikTok Bangladesh #@For You House âŸ #@For You ,239800,34300,7770,19100000,25200
beautiful destinations,ğŸ’¥ÑÉªÒ“ê«á´› Ñ”âˆ‚Éªá´›á´¢ğŸ’¥,rifat___editz,19700,38,504100,38,19700,504100,873,4991,504100,https://www.tiktok.com/@rifat___editz/video/7376238739363843335,part 32 | # buetifull greeceğŸ‡¬ğŸ‡·ğŸ‘€ğŸŒ†âš¡ğŸ¤©ğŸ–¤ #view #places #city #country #viraÅ‚video #trending #unfrezzmyaccount #foryou #fypã‚·ã‚šviral #bdtiktokofficial #rifat___editz #bangladesh #trending_video_editor_bd #@TikTok Bangladesh @TikTok Trends @TikTok #fypã‚·ã‚šviral #virlavideo ,2739,56,38,26600,265
beautiful destinations,Jihad,user9397023296120,6718,2076,31900,2076,6718,31900,458,17500,31900,https://www.tiktok.com/@user9397023296120/video/7324340595789483271,,18200,388,537,1500000,1467
beautiful destinations,mohammedmashrafi,mashrafis_capture,26,6,287,6,26,287,17,10,287,https://www.tiktok.com/@mashrafis_capture/video/7415556537927634194,"à¦¨à¦¿à¦œ à¦à¦²à¦¾à¦•à¦¾à§Ÿ ğŸ”ï¸âœ¨ ğŸ“à¦²à§‡à¦• à¦¸à¦¿à¦Ÿà¦¿, à¦šà¦Ÿà§à¦Ÿà¦—à§à¦°à¦¾à¦®à¥¤  #mashrafiscapture    #fyp #fypã‚·ã‚š  #trendingsong #explore   #travel #traveltiktok  #traveltoexplore   #travelbangladesh  #explorebangladesh  #mobilegraphy #video  #nature  #tiktokviral  #unfreezemyacount    #viraltiktok #tiktokbdofficial  #beautifuldestinations  #discoverwithtiktok #tiktoktainment  #mountain #â›°ï¸  #rain #dhaka #coxsbazar  #chittagong #bangladesh ",18,0,1,345,3
beautiful destinations,ğŸ__à¦¨à§€à¦²à¦ªà¦°à§€à¦° ğŸ§šğŸ¼â€â™€ï¸à¦…à¦ªà§‡à¦•à§à¦·à¦¾à§Ÿ_â˜˜ï¸,as.life____line_1958,2816,327,25700,327,2816,25700,686,77800,25700,https://www.tiktok.com/@as.life____line_1958/video/7363679665539665158,"#emotional ____#Love #beautifuldestinations # à¦à¦‡ à¦ªà§à¦°à¦•à§ƒà¦¤à¦¿à¦° à¦®à¦¾à¦à§‡ à¦†à¦®à¦°à¦¾ à¦¹à¦¾à¦°à¦¿à¦¯à¦¼à§‡ à¦¯à¦¾à¦‡ à¦†à¦®à¦¾à¦¦à§‡à¦° à¦à¦‡ à¦ªà§à¦°à¦•à§ƒà¦¤à¦¿ à¦–à§à¦à¦œà§‡ à¦¨à¦¿à¦¬à§‡ à¦ªà§à¦°à¦•à§ƒà¦¤à¦¿ à¦­à¦¾à¦²à¦¬à¦¾à¦¸à¦¤à§‡ à¦œà¦¾à¦¨à§‡à¥¤ à¦¸à¦¬à¦¾à¦‡ à¦®à¦¿à¦²à§‡ à¦šà¦²à¦›à¦¿ à¦¦à§‚à¦° à¦¦à¦¿à¦—à¦¨à§à¦¤ à¦ªà¦¾à¦°à¦¿ à¦¦à¦¿à¦¯à¦¼à§‡ à¦ªà§à¦°à¦•à§ƒà¦¤à¦¿à¦° à¦®à¦¾à¦à§‡ à¦–à§à¦à¦œà¦›à¦¿ à¦à¦• à¦¶à¦¾à¦¨à§à¦¤à¦¿à¦®à¦¯à¦¼ à¦ªà§à¦°à¦•à§ƒà¦¤à¦¿à¦° à¦°à§‚à¦ªà¥¤ à¦¯à¦¦à¦¿ à¦†à¦ªà¦¨à¦¿ à¦ªà§à¦°à¦•à§ƒà¦¤à¦¿à¦•à§‡ à¦¸à¦¤à§à¦¯à¦¿à¦•à¦¾à¦°à§‡à¦° à¦­à¦¾à¦²à¦¬à§‡à¦¸à§‡ à¦¥à¦¾à¦•à§‡à¦¨, à¦¤à¦¾à¦¹à¦²à§‡ à¦…à¦¬à¦¶à§à¦¯à¦‡ à¦ªà§à¦°à¦•à§ƒà¦¤à¦¿ à¦†à¦ªà¦¨à¦¾à¦•à§‡ à¦¸à¦¤à§à¦¯à¦¿à¦•à¦¾à¦°à§‡à¦° à¦­à¦¾à¦²à¦¬à¦¾à¦¸à¦¬à§‡ à¦–à§à¦à¦œà§‡ à¦ªà¦¾à¦¬à§‡à¦¨ à¦à¦• à¦ªà§à¦°à¦¶à¦¾à¦¨à§à¦¤à¦¿à¥¤ à¦šà¦²à¦¨à§‹ à¦¤à§à¦®à¦¿ à¦†à¦®à¦¿ à¦®à¦¿à¦²à§‡ à¦¹à¦¾à¦°à¦¿à¦¯à¦¼à§‡ à¦¯à¦¾à¦‡ à¦à¦‡ à¦ªà§à¦°à¦•à§ƒà¦¤à¦¿à¦¤à§‡ à¦¯à§‡à¦–à¦¾à¦¨à§‡ à¦¥à¦¾à¦•à¦¬à§‡ à¦¨à¦¾ à¦•à§‡à¦‰ à¦¶à§à¦§à§ à¦¤à§à¦®à¦¿ à¦†à¦° à¦†à¦®à¦¿ à¦›à¦¾à¦¡à¦¼à¦¾ à¦•à§‡à¦‰à¥¤",47,1,2,399,0
beautiful destinations,kashmir_LoverğŸ”ï¸â›°ï¸,kashmiri_shuvo,116200,1803,2900000,1803,116200,2900000,967,23300,2900000,https://www.tiktok.com/@kashmiri_shuvo/video/7356998240597822738,Tulip Garden #i_love_kashmirâ¤ï¸â¤ï¸â¤ï¸ #â¤ï¸â¤ï¸â¤ï¸ #kashmir_veiw #Travel_Loverâ¤ï¸ #kashmir #veiw #music #beautiful #copylink #tandingvideo #kashmirgroup #kashmirtiktokofficial @ğŸ–¤ğŸ’«Khadija_Islam ğŸ–¤ğŸ’« @Kashmir TikTok Offic ,402,21,13,12000,22
beautiful destinations,Ohidun Nabi Tonay,ohidunnabitonay,2837,110,13200,110,2837,13200,159,45000,13200,https://www.tiktok.com/@ohidunnabitonay/video/7404141829685267730,Sunset Time-Lapse #sunset #river #timelapse #explore #travel #adventure #shotoniphone #capcut #nature #reels #musapur #bangladeshğŸ‡§ğŸ‡© ,2261,57,6,8056,332
beautiful destinations,HASNAIN SHARIAR ARNUB,hasnainshariar_arnub,9139,857,122100,857,9139,122100,906,6891,122100,https://www.tiktok.com/@hasnainshariar_arnub/video/7421989638182669586,We want Sheikh Hasina ğŸ‡§ğŸ‡©â¤ï¸  #beautifuldestinations #Infinity_Bangladesh #JoyBanglaJoyBangabandhu #Bangladesh #AwamiLeague #SheikhHasinaMission #BangladeshFutureVision #AwamiLeaguePride #HasinaForThePeople #HasinaPower #SheikhHasinaMovement #HasinaUnstoppable #AwamiLeagueSupport #AwamiLeagueOnTop #SheikhHasinaForBangladesh #BangladeshLeadership #AwamiLeagueWins2024 #SheikhHasinaRocks #AwamiLeagueStrength #HasinaWave #BangladeshForHasina #AwamiLeagueGoals #HasinaForProgress #BangladeshDream #BMW #Independence #photographychallengeraphychallenge #fypã‚·ã‚š #SheikhMujib #photographychallengechallenge  #SheikhHasina #Bangladesh #Leadership #PoliticalLeadership #WomenInPolitics #InspiringLeaders #BangladeshPolitics #VisionaryLeader #EmpoweredWomen #SouthAsia #Democracy #GlobalInfluence #PoliticalImpact #SheikhHasinaLegacy #WomenEmpowerment #BangladeshiPride #ModernBangladesh #Government #SocialDevelopment #ChangeMakers  #bdpolitics #BangladeshPolitics #PoliticalDebate #Election2023 #BDElection #BangladeshCurrentAffairs #DhakaPolitics #BangladeshNews #PublicDebate #DemocracyInBangladesh #PoliticalAwareness #VoterEducation #YouthInPolitics #CivicEngagement #PoliticalOpinions #SocialJusticeBD #NewsAnalysis #BangladeshDemocracy #PoliticsOfBangladesh #tiktokviral #viralmoments #trendingnow #funnyvideos #contentcreator #socialmedia #comedy #bestoftheday #viralclips #fyp #forfun #entertaining #watchnow #viralcontent #explorepage #dancechallenge #creativevideo #humor #tiktokfun #tiktokdance  #foryou #trending #viral #explore #videooftheday #cute #funnyvideos #love #popular #contentcreator #inspirational #lifestyle #comedy #music #art #dailyvlog #share #reels #foryoupage #foryoupage #FYP #viralvideo #trending #explorepage #influencer #contentcreator #shortvideo #entertainment #videos #discover #lifehacks #funnyvideos #creativecontent #videooftheday #mustsee #socialmedia #views #likeforlike  We want #Sheikh_Hasina #ğŸ‡§ğŸ‡©â¤ï¸  #beautifuldestinations #Infinity_Bangladesh #JoyBanglaJoyBangabandhu #Bangladesh #AwamiLeague #SheikhHasinaMission #BangladeshFutureVision #AwamiLeaguePride #HasinaForThePeople #HasinaPower #SheikhHasinaMovement #HasinaUnstoppable #AwamiLeagueSupport #AwamiLeagueOnTop #SheikhHasinaForBangladesh #BangladeshLeadership #AwamiLeagueWins2024 #SheikhHasinaRocks #AwamiLeagueStrength #HasinaWave #BangladeshForHasina #AwamiLeagueGoals #HasinaForProgress #BangladeshDream #BMW #Independence #photographychallengeraphychallenge #fypã‚·ã‚š #SheikhMujib #photographychallengechallenge  #SheikhHasina #Bangladesh #Leadership #PoliticalLeadership #WomenInPolitics #InspiringLeaders #BangladeshPolitics #VisionaryLeader #EmpoweredWomen #SouthAsia #Democracy #GlobalInfluence #PoliticalImpact #SheikhHasinaLegacy #WomenEmpowerment #BangladeshiPride #ModernBangladesh #Government #SocialDevelopment #ChangeMakers  #bdpolitics #BangladeshPolitics #PoliticalDebate #Election2023 #BDElection #BangladeshCurrentAffairs #DhakaPolitics #BangladeshNews #PublicDebate #DemocracyInBangladesh #PoliticalAwareness #VoterEducation #YouthInPolitics #CivicEngagement #PoliticalOpinions #SocialJusticeBD #NewsAnalysis #BangladeshDemocracy #PoliticsOfBangladesh #tiktokviral #viralmoments #trendingnow #funnyvideos #contentcreator #socialmedia #comedy #bestoftheday #viralclips #fyp #forfun #entertaining #watchnow #viralcontent #explorepage #dancechallenge #creativevideo #humor #tiktokfun #tiktokdance  #foryou #trending #viral #explore #videooftheday #cute #funnyvideos #love #popular #contentcreator #inspirational #lifestyle #comedy #music #art #dailyvlog #share #reels #foryoupage #foryoupage #FYP #viralvideo #trending #explorepage #influencer #contentcreator #shortvideo #entertainment #videos #discover #lifehacks #funnyvideos #creativecontent #videooftheday #mustsee #socialmedia #views #likeforlike #exploresemarang #exploreaustralia #exploresingapore #explorers #exploretheglobe #exploresurabaya #explorebogor #explorelombok #explorejapan #exploregunung #exploreindia #explore #explorepage #e,73,0,1,627,6
beautiful destinations,Sports Zone,messilover8766,131700,270,1900000,270,131700,1900000,145,892,1900000,https://www.tiktok.com/@messilover8766/video/7389960483165572370,à¦…à¦¨à§‡à¦• à¦¦à¦¿à¦¨ à¦ªà§œ à¦¬à¦¸ à¦®à§‡à¦¸à¦¿à¦° à¦ªà¦¾à§Ÿà§‡ à¦—à§‹à¦² âš½â¤ï¸ğŸ‡¦ğŸ‡·#à¦«à§à¦Ÿà¦¬à¦²_à¦ªà§à¦°à§‡à¦®à§€ğŸ’š #support #à¦®à§‡à¦¸à¦¿_à¦†à¦¸à¦•à§à¦¤ #à¦®à§‡à¦¸à¦¿à¦°_à¦­à¦•à§à¦¤à§à¦¦à§‡à¦°_à¦¦à§‡à¦–à¦¤à§‡_à¦šà¦¾à¦‡ğŸ¤© #foryou #viral_video #football ,302500,10700,7393,8200000,25700
beautiful destinations,HASNAIN SHARIAR ARNUB,hasnainshariar_arnub,9139,857,122100,857,9139,122100,906,6891,122100,https://www.tiktok.com/@hasnainshariar_arnub/video/7421986911591386376,We want Sheikh Hasina ğŸ‡§ğŸ‡©â¤ï¸  #beautifuldestinations #Infinity_Bangladesh #JoyBanglaJoyBangabandhu #Bangladesh #AwamiLeague #SheikhHasinaMission #BangladeshFutureVision #AwamiLeaguePride #HasinaForThePeople #HasinaPower #SheikhHasinaMovement #HasinaUnstoppable #AwamiLeagueSupport #AwamiLeagueOnTop #SheikhHasinaForBangladesh #BangladeshLeadership #AwamiLeagueWins2024 #SheikhHasinaRocks #AwamiLeagueStrength #HasinaWave #BangladeshForHasina #AwamiLeagueGoals #HasinaForProgress #BangladeshDream #BMW #Independence #photographychallengeraphychallenge #fypã‚·ã‚š #SheikhMujib #photographychallengechallenge  #SheikhHasina #Bangladesh #Leadership #PoliticalLeadership #WomenInPolitics #InspiringLeaders #BangladeshPolitics #VisionaryLeader #EmpoweredWomen #SouthAsia #Democracy #GlobalInfluence #PoliticalImpact #SheikhHasinaLegacy #WomenEmpowerment #BangladeshiPride #ModernBangladesh #Government #SocialDevelopment #ChangeMakers  #bdpolitics #BangladeshPolitics #PoliticalDebate #Election2023 #BDElection #BangladeshCurrentAffairs #DhakaPolitics #BangladeshNews #PublicDebate #DemocracyInBangladesh #PoliticalAwareness #VoterEducation #YouthInPolitics #CivicEngagement #PoliticalOpinions #SocialJusticeBD #NewsAnalysis #BangladeshDemocracy #PoliticsOfBangladesh #tiktokviral #viralmoments #trendingnow #funnyvideos #contentcreator #socialmedia #comedy #bestoftheday #viralclips #fyp #forfun #entertaining #watchnow #viralcontent #explorepage #dancechallenge #creativevideo #humor #tiktokfun #tiktokdance  #foryou #trending #viral #explore #videooftheday #cute #funnyvideos #love #popular #contentcreator #inspirational #lifestyle #comedy #music #art #dailyvlog #share #reels #foryoupage #foryoupage #FYP #viralvideo #trending #explorepage #influencer #contentcreator #shortvideo #entertainment #videos #discover #lifehacks #funnyvideos #creativecontent #videooftheday #mustsee #socialmedia #views #likeforlike  We want #Sheikh_Hasina #ğŸ‡§ğŸ‡©â¤ï¸  #beautifuldestinations #Infinity_Bangladesh #JoyBanglaJoyBangabandhu #Bangladesh #AwamiLeague #SheikhHasinaMission #BangladeshFutureVision #AwamiLeaguePride #HasinaForThePeople #HasinaPower #SheikhHasinaMovement #HasinaUnstoppable #AwamiLeagueSupport #AwamiLeagueOnTop #SheikhHasinaForBangladesh #BangladeshLeadership #AwamiLeagueWins2024 #SheikhHasinaRocks #AwamiLeagueStrength #HasinaWave #BangladeshForHasina #AwamiLeagueGoals #HasinaForProgress #BangladeshDream #BMW #Independence #photographychallengeraphychallenge #fypã‚·ã‚š #SheikhMujib #photographychallengechallenge  #SheikhHasina #Bangladesh #Leadership #PoliticalLeadership #WomenInPolitics #InspiringLeaders #BangladeshPolitics #VisionaryLeader #EmpoweredWomen #SouthAsia #Democracy #GlobalInfluence #PoliticalImpact #SheikhHasinaLegacy #WomenEmpowerment #BangladeshiPride #ModernBangladesh #Government #SocialDevelopment #ChangeMakers  #bdpolitics #BangladeshPolitics #PoliticalDebate #Election2023 #BDElection #BangladeshCurrentAffairs #DhakaPolitics #BangladeshNews #PublicDebate #DemocracyInBangladesh #PoliticalAwareness #VoterEducation #YouthInPolitics #CivicEngagement #PoliticalOpinions #SocialJusticeBD #NewsAnalysis #BangladeshDemocracy #PoliticsOfBangladesh #tiktokviral #viralmoments #trendingnow #funnyvideos #contentcreator #socialmedia #comedy #bestoftheday #viralclips #fyp #forfun #entertaining #watchnow #viralcontent #explorepage #dancechallenge #creativevideo #humor #tiktokfun #tiktokdance  #foryou #trending #viral #explore #videooftheday #cute #funnyvideos #love #popular #contentcreator #inspirational #lifestyle #comedy #music #art #dailyvlog #share #reels #foryoupage #foryoupage #FYP #viralvideo #trending #explorepage #influencer #contentcreator #shortvideo #entertainment #videos #discover #lifehacks #funnyvideos #creativecontent #videooftheday #mustsee #socialmedia #views #likeforlike #exploresemarang #exploreaustralia #exploresingapore #explorers #exploretheglobe #exploresurabaya #explorebogor #explorelombok #explorejapan #exploregunung #exploreindia #explore #explorepage #e,60,0,1,610,2
beautiful destinations,ê§   NÌ‘Ìˆ AÌ‘Ìˆ IÌ‘Ìˆ MÌ‘Ìˆ   ê§‚,it_s_naim_69,13700,52,168000,52,13700,168000,264,4084,168000,https://www.tiktok.com/@it_s_naim_69/video/7203928210684300545,beautiful place #switzerland ğŸ‡©ğŸ‡¨ğŸ‡­#urop #switzerlandğŸ‡¨ğŸ‡­ @TikTok Bangladesh @TikTok @europe @Switzerland Tourism ,221,7,12,3799,13
beautiful destinations,Emon,emon30134,78700,0,694400,0,78700,694400,39,2254,694400,https://www.tiktok.com/@emon30134/video/7405479033091132692,,680600,351700,34200,33600000,88400
beautiful destinations,InspiroVision,inspirovision777,3571,26,60500,26,3571,60500,49,2619,60500,https://www.tiktok.com/@inspirovision777/video/7332328055966289153,Beauty of nature #trendi #natural #naturalbeauty #naturevibes #viralvideo #foryou ,1598,1078,30,124500,324
beautiful destinations,Sur Ovi ğŸ•Šï¸ğŸªâœ¨âœ¨,srvsurovi,592700,98,19000000,98,592700,19000000,3218,25500,19000000,https://www.tiktok.com/@srvsurovi/video/7161053117788736795,ğŸ” Waterfalls are natureâ€™s waterslide. #unfrezzmyaccount #srvsurovi #fypã‚· #srvsurovi_official #bandarban #view #natural #beautyofbangladesh #waterfalls ,9026,78,50,172100,800
beautiful destinations,Ê€á´€Éªsá´€á´¼áµ€ğŸ•ğŸ’,raisavibez,6159,1216,230400,1216,6159,230400,515,17700,230400,https://www.tiktok.com/@raisavibez/video/7358775378166451464,In Sha AllahğŸ‡°ğŸ‡·ğŸ’–#CapCut #dream #southkorea #country #travel #viral #bts #fypã‚· #raisavibez #oneday ,22300,2305,341,271400,2879
beautiful destinations,ğŸ”¥ SaGor ğŸ”¥,travelwith_sagor,17300,34,763400,34,17300,763400,700,11200,763400,https://www.tiktok.com/@travelwith_sagor/video/7402891989382925575,Just a simple view but it is so refreshing for your mind .ğŸ¤ğŸƒğŸ–¤ #travelwithsagor #travel #foryou #foryoupage #viral #nature #bangladesh ,33200,2236,307,268700,2521
beautiful destinations,M.L.A.RAKIB,tiger.group.best4,2920,3119,126500,3119,2920,126500,318,48800,126500,https://www.tiktok.com/@tiger.group.best4/video/7372471301744725266,à¦•à¦¾à¦¶à§à¦®à§€à¦° à¦¶à¦¹à¦° à¦Ÿà¦¾ à¦…à¦¨à§‡à¦• à¦¸à§à¦¨à§à¦¦à¦° à¦¹à¦¯à¦¼ à¦•à§‡ à¦•à§‡ à¦¯à§‡à¦¤à§‡ à¦šà¦¾à¦“ à¦•à¦¾à¦¶à§à¦®à§€à¦° ğŸ¥°ğŸ¥°#foryou #professional video ,857,43,32,11600,57
beautiful destinations,HASNAIN SHARIAR ARNUB,hasnainshariar_arnub,9139,857,122100,857,9139,122100,906,6891,122100,https://www.tiktok.com/@hasnainshariar_arnub/video/7420116761552506120,#CapCut #follow #foryou #foryoupagĞµ #voiceeffects #beautifuldestinations #Bangladesh #video #videoviral ,6,1,2,334,1
beautiful destinations,((Tigar))Ariyan Official,rajpotruariyan,1000000,9824,19200000,9824,1000000,19200000,3563,32000,19200000,https://www.tiktok.com/@rajpotruariyan/video/7374951758931479815,à¦ªà§à¦²à¦¿à¦œ à¦ªà§à¦°à§‹ à¦­à¦¿à¦¡à¦¿à¦“ à¦Ÿà¦¾ à¦¦à§‡à¦–à¦¾à¦° à¦…à¦¨à§à¦°à§‹à¦§ à¦°à¦‡à¦²à§‹ à¦¸à¦¬à¦¾à¦‡ à¦•à§‡ à¦ªà§à¦²à¦¿à¦œ #foryou #foryoupage #vairalvideo #tendingvideo #à¦ªà§à¦°à§‹_à¦­à¦¿à¦¡à¦¿à¦“_à¦Ÿà¦¾_à¦¦à§‡à¦–à§à¦¨ @Osama vai leader @TikTok Trends ,300400,31800,29200,5300000,43200
beautiful destinations,Murad Ahmed âœ…,muradahmed9,17700,54,260200,54,17700,260200,236,2099,260200,https://www.tiktok.com/@muradahmed9/video/7165884703533239579,à¦¬à¦¾à¦° à¦¬à¦¾à¦° à¦¦à§‡à¦–à¦²à§‡à¦“ à¦®à¦¨ à¦­à¦°à¦¬à§‡ à¦¨à¦¾à¦¹ à¦ªà§à¦°à¦•à§ƒà¦¤à¦¿à¦° à¦à¦‡ à¦°à§à¦ª â¤ï¸ #foryou #indiatour #traveling #viralvideo #unfreezemyacount #foryoupage #tiktokofficial #bd #india #darjeeling #orangegarden #100kviews #view #naturalview,912,335,18,37800,134
beautiful destinations,Travellers Haven,travellershaven_,7022,10,87700,10,7022,87700,98,6464,87700,https://www.tiktok.com/@travellershaven_/video/7361063182376504592,Beautiful AustriağŸ‡¦ğŸ‡¹ #CapCut #Austria #austriağŸ‡¦ğŸ‡¹ #austriatiktok #vinna #travel #travelgram #travelgoals #travellife #traveltiktok #viralvideo #viraltiktok #fypã‚· #fypã‚·ã‚šviral ,1395,118,27,19200,106
beautiful destinations,ğŸ“¸ Film by Mahibul Islam ğŸ“¸,mahibul49,3458,4,96400,4,3458,96400,615,9468,96400,https://www.tiktok.com/@mahibul49/video/7189320106613296386,Beautiful village Road ğŸ˜ #foryoupage #foryoupageofficiall #foryou #fypage #naturalbeauty #bangladesh #trending #naturalbeauty #bangladesh #viralvideo #village ,207,65,8,7602,9
beautiful destinations,ğŸ¦‹AHAD EDITZğŸ¦‹,ahad_editz07,105700,82,2800000,82,105700,2800000,487,57400,2800000,https://www.tiktok.com/@ahad_editz07/video/7311999621729930504,Greece View #foryou #foryoupage #greece #viral #shakibeditz9t #trend #viralvideo #trending #viraltiktok #shakibeditz9t6 #unfrezzmyaccount #bdtiktokofficial @â™¥ï¸ âœ¯ UÊ€á´…á´‡ _x âœ¯ @Î·Î±Éä¹‡Ğ¼ ä¹‡âˆ‚Î¹ã„’ä¹™ğŸ‡®ğŸ‡¹ğŸ–¤ @âš¡ğ•Šêª®êªŠÊ€Ã¥êªœ á´‡á´…Éªá´›á´¢ 97ğŸ’«ğŸ’¦ @ğŸ¦‹ğ’ğ€ğƒğˆğ€  ğˆğ’ğ‹ğ€ğŒğŸ¦‹ @Apon_editxz ,2129,160,30,42400,183
beautiful destinations,âš«GeographyifyğŸŸ¡,geographyify,6072,54,234900,54,6072,234900,156,781,234900,https://www.tiktok.com/@geographyify/video/7141271720815578395,Most visited countries in the world #tour #travel #tourism #uk #usa #china #turkey #germany #france,8989,133,118,102200,544
beautiful destinations,abutaleb123,abutaleb_123,86600,163,3400000,163,86600,3400000,1173,55000,3400000,https://www.tiktok.com/@abutaleb_123/video/7356097078679981320,#à¦ªà§à¦°à¦•à§ƒà¦¤à¦¿à¦°_à¦¸à§Œà¦¨à§à¦¦à¦°à§à¦¯ğŸ¥°  #à¦¬à¦¾à¦¨à§à¦¦à¦°à¦¬à¦¾à¦¨ #à¦ªà¦¾à¦¹à¦¾à¦¡à¦¼ #foryou #fy  #italy  #à¦¬à¦¾à¦¨à§à¦¦à¦°à¦¬à¦¾à¦¨_à¦ªà¦¾à¦°à§à¦¬à¦¤à§à¦¯_à¦œà§‡à¦²à¦¾ #à¦ˆà¦¦_à¦®à§‹à¦¬à¦¾à¦°à¦• #à¦¨à§à¦¯à¦¾à¦šà¦¾à¦°à¦¾à¦² #fypã‚·  #perte #parati #à¦ªà§à¦°à¦¾à¦•à§ƒà¦¤à¦¿à¦• #t #bangladesh #à¦ªà¦¾à¦¹à¦¾à¦¡à¦¼à¦¿ #à¦¸à¦¿à¦²à§‡à¦Ÿ ,1304,206,43,15300,120
beautiful destinations,ğŸ’ ğŸ’ Shahriar ShobujğŸ’ ğŸ’ ,shahriar7769,9170,2728,118000,2728,9170,118000,161,31900,118000,https://www.tiktok.com/@shahriar7769/video/7371707257899240705,âœ¨Take a break in a waterfallâœ¨ #adventure #waterfall #travellife #travel #new_video #bdtiktokofficial #new_trending_video_viral_tiktok #trendingsong #viraltiktok #tiktok #viral #fypage #foryou #fyp #fy #fypã‚·ã‚šviral #trending #trendingvideo #adventuretime #nature ,150,9,13,2706,16
beautiful destinations,Bishno,bishnosarker07,1360,195,9113,195,1360,9113,339,4732,9113,https://www.tiktok.com/@bishnosarker07/video/7336255254561819912,à¦®à¦¾à¦¨à¦¸à¦¿à¦• à¦¶à¦¾à¦¨à§à¦¤à¦¿à¦° à¦‰à¦¦à§à¦¦à§‡à¦¶à§à¦¯à§‡à¥¤#mangoupfores #sundorbon#nature #natural #view #tiktoka #vairal_video_tiktok #à¸ªà¸›à¸µà¸”à¸ªà¹‚à¸¥à¸§à¹Œ #bdtiktokofficialğŸ‡§ğŸ‡© #CapCut #fypã‚· #vairalvideo #bishno07 #trending #2024 #â¤ï¸â€ #bssssssssssssssssssssssssssssssssssssssssssssss ,41,14,1,1473,3
beautiful destinations,ğŸŒ¸S I N T H I AğŸŒ¸,sinthiayasmin_nupur,547100,96,4900000,96,547100,4900000,2360,5269,4900000,https://www.tiktok.com/@sinthiayasmin_nupur/video/7008449814258060571,Beautiful Sikkimâ€¦ #Location #snowfall #sikkimzeropoint #shooting #banglasong #trending #foryou #sinthipur #travellife #foryoupage #fypã‚·,6222,152,26,135700,107
beautiful destinations,ğ„ğŒğğ ğ„ğƒğˆğ“ğ™ğ—,emon_editzx7,89000,28,2100000,28,89000,2100000,447,15900,2100000,https://www.tiktok.com/@emon_editzx7/video/7372766913035799809,Portugal City View ğŸ‡µğŸ‡¹ #foryouvideo #fypã‚· #viralvideo #foryoupage #unfrezzmyaccount #foryouviralvideo #fypã‚·ã‚šviral #viraltiktok #trendingvideo #trinding #viral #foryou #portugal @á…Ÿâ¸™ ×§ğ™¸ğ™²ğ™²ğ™¸_ğš‚ğ™·ğ™°ğ™ºğ™¸ğ™± ã‚· @â™¡-ğ™°ğ™±ğ™¸ğš ğ™´ğ™³ğ™¸ğšƒğš‰-à¿ @ğŸ¦‹ Fá´€ÊœÉªá´_ğ™´ğšğš’ğšğš£â ğŸ¦‹ğŸŒ€ @ğŸ¦‹ğ’ğ€ğƒğˆğ€  ğˆğ’ğ‹ğ€ğŒğŸ¦‹ @ZAKARIYA EDITZ â˜€ï¸ @â™¡ï¸ğš‚ê«ÖŸáÉ¢á´Ê€â™¡á´‡á´…Éªá´›á´¢êªœâ™¡ï¸ @âš¡ğ•Šêª®êªŠÊ€Ã¥êªœ á´‡á´…Éªá´›á´¢ 97ğŸ’«ğŸ’¦ ,45700,881,353,360900,3299
beautiful destinations,Atiq Khan4814,atiqkhan4814,22400,4596,873100,4596,22400,873100,2015,372500,873100,https://www.tiktok.com/@atiqkhan4814/video/7413584709298654482,#fypã‚· #foryourpag #foryoutiktok #millioneviews #tiktokviral #foryou ,501,86,0,1209,140
beautiful destinations,Nuha10,tanisha1234245,2858,1311,34700,1311,2858,34700,570,21500,34700,https://www.tiktok.com/@tanisha1234245/video/7346425196494064914,,5058,176,207,468400,453
beautiful destinations,â™¡á´›ê«ÖŸáÖŸáÖŸáÖŸáÖŸáÖŸá´Éªá´âœ§á´‡á´…Éªá´›á´¢êªœâ™¡,tamim_editz_420,86300,325,3100000,325,86300,3100000,753,34300,3100000,https://www.tiktok.com/@tamim_editz_420/video/7362069820285717765,"All Dream Cuntry Canada,ğŸ‡¨ğŸ‡¦ğŸ‡¨ğŸ‡¦ #foryou #foryoupage #trend #trnding #unfrezzmyaccount #dream_canada #xml_video__editâ¤ï¸ #very_soon_in_europe_inshaallahâœˆï¸â¤ï¸ #1milonview @For You @For You House âŸ @TikTok Bangladesh ",1870,132,94,30200,194
beautiful destinations,DHOLABILAI,dhola._.bilai.96,23700,356,114600,356,23700,114600,65,94100,114600,https://www.tiktok.com/@dhola._.bilai.96/video/7372182051698576657,à¦†à¦®à¦¾à¦¦à§‡à¦° à¦šà¦Ÿà§à¦Ÿà¦—à§à¦°à¦¾à¦®à§‡à¦° à¦¸à§‡à¦°à¦¾ à¦à¦•à¦Ÿà¦¿  à¦œà¦¾à§Ÿà¦—à¦¾ à¦¹à¦šà§à¦›à§‡à¥¤ ğŸ‘ŒğŸ‘ŒğŸ‘Œâ¤ï¸à¦­à¦¾à¦Ÿà¦¿à§Ÿà¦¾à¦²à¦¿ à¦•à§à¦¯à¦¾à¦«à§‡ 24.ğŸ¥°â™¥ï¸ğŸ¥°:à¦†à¦²à¦¹à¦¾à¦®à¦¦à§à¦²à¦¿à¦²à¦¾ à§©à¦¬à¦¾à¦° à¦¯à¦¾à¦“à§Ÿà¦¾ à¦¶à§‡à¦· ğŸ™‚à¦œà¦¾à§Ÿà¦—à¦¾à¦Ÿà¦¾ à¦…à¦¨à§‡à¦• à¦¸à§à¦¨à§à¦¦à¦° à¦¦à§‡à¦–à¦¤à§‡ğŸ¥°ğŸ¥°ğŸ¥°à¦šà¦¾à¦‡à¦²à§‡ à¦†à¦ªà¦¨à¦¾à¦°à¦¾ à¦˜à§à¦°à¦¤à§‡ à¦¯à§‡à¦¤à§‡ à¦ªà¦¾à¦°à§‡à¦¨à¥¤#bdtiktokofficial #foryourpage #foryou #fypage #bd #unfrezzmyaccount #viral_video_tiktok #bangladeshğŸ‡§ğŸ‡©tiktokà¦¬à¦¾à¦‚à¦²à¦¾à¦¦à§‡à¦¶à¦¿ ,622,191,58,33600,93
beautiful destinations,Dihan Chowdhury,dihanchy29,15200,1,304200,1,15200,304200,76,0,304200,https://www.tiktok.com/@dihanchy29/video/7204109870558186754,Dreamy view of Sajek #fyp #foryou #bangladesh #travel #trending ,9142,1587,75,159800,851
beautiful destinations,Apurba Apurba,misschocolate67,8300000,0,314500000,0,8300000,314500000,5764,17000,314500000,https://www.tiktok.com/@misschocolate67/video/7333254822818270466,Ami nijei akta golap ğŸ¥¹,268800,1425,3721,6100000,22300
beautiful destinations,Afiya Jahan ğŸ§•ğŸŒº,afiya_jahan_23,30100,11,331100,11,30100,331100,272,1624,331100,https://www.tiktok.com/@afiya_jahan_23/video/7381104260072688897,à¦†à¦®à¦¾à¦° à¦®à§‡à¦¯à¦¼à§‡à¦° à¦œà¦¨à§à¦¯ à¦¸à¦¬à¦¾à¦‡ à¦¦à§‹à¦¯à¦¼à¦¾ à¦•à¦°à¦¬à§‡à¦¨#ğŸ¤²,316700,8150,18500,7400000,29600
beautiful destinations,Rubel Ahmed,ahmedrubel977,2694,88,58900,88,2694,58900,237,2641,58900,https://www.tiktok.com/@ahmedrubel977/video/7335159051485007105,à¦¸à¦®à§à¦¦à§à¦° à¦ªà¦¾à¦¡à¦¼à§‡à¦‡ à¦¶à¦¾à¦¨à§à¦¤à¦¿ ğŸŒ…ğŸ§¡  #sunset #kuakataseabeach #travellife  #trending  #reels  #reelsinstagram  #virals  #seabeach  #goldensunset #foryou  #trending #nature #sky #golden #moment ,120,93,4,5157,22
beautiful destinations,ğ—¿ğ—¶ğ—³,rifhere._,1688,121,310500,121,1688,310500,281,7434,310500,https://www.tiktok.com/@rifhere._/video/7354129439082499329,#rifhere #CapCut #fyp #capcutvelocity #capcuttemplate #foryou ,1279,33,2,16900,128
